Kingdom	Phylum	Class	Order	Family	Genus	Species	seq	unique abundance
Animalia	Ctenophora	Tentaculata	Cydippida	Haeckeliidae	Haeckelia	NA	AAGCGAATGGAGCCAGCAAGGCACCCAGTTTGATTCAGCCGGTGGTCGTCGGCCCCCGGCCGTGGAGATCTTACGACTCTACGGTCGACGGCGTCGGTGATTGCTGAGTGCACTTATTCTGGGTGCGTGCCAACTTGGCTTGATGACGGTCGATACGGGCGGATGGGAAGGTAACTTCCTTTGGGAAGCATTATAGCCCTTCGTCCCAGATTGTCGTCGAGTGAGGTGTCGCGGTACGTGCTCTCTCGGGCTTGGGCTTCATGGGTGGTCGGTTGCGCCTTCTGTTGACTGCACGCAGTGAGCGGAGGGACGACGGCAGGCTTCTCGTGGATGTCCCGTATACGTGCCTAGGAAGTTGGCGTGCAAATGGCTTTATCCGACC	27046
Animalia	Ctenophora	Tentaculata	Cydippida	Pleurobrachiidae	Hormiphora	NA	AAACGAATGGAGCCAGCAAGGCATCCTGTTTGATTCAGCCGGTGGCCGGTAGCCCCCGTCCTGCAGTGATCTTCGGACTCATGTGGGAGACGGCGTTGCTGGTTGCCGTGTGCACTTATTCAGGATGCGTGCCAACTTGGCTTGGTGACGGTCAACACGGTCGTATGGGAAGGTAGCTCTCCTCGGGGAGTATTATAGCCCTTCGTCCCGGATCGTCGCCGAGTGAGGTGTTGCGGTACGTGCCTCTTTTGGCTTGGGCCTCGTTGGTGGTCTGTCACGCCTAGTGTTGACTGCACGCAGTGAGCATTGGGTCGATGGCCGGCTGCCGGTGGGTGTCCCGTACACGTGCCTAGGAAGTTGGCGTGCAAATGGCTTCATCCGACC	23437
Animalia	Ctenophora	Tentaculata	Cydippida	Mertensiidae	Mertensia	NA	AAGCGAATGGAGCCAGCAAGGCACTCGGTTTGATTCAGCCGGTGGCCGTCGGCCCCCGTCCGCGGAGATCTTCGGACTTCGCGGGCGACGGCGTTGGCGTTTGCCGTGTGCACTTATTCCGAGTGCGTGCCAACTTGGCTTGGTGACGGTCGAAACGGTCGGATGGGAAGGTAGCTTCCTTCGGGAAGTGTTATAGCCCTTCGTCCCGGATCGTCGCCGAGTGAGGTGTCGCGGTACGTGCTTTCGGGCTTGGGCCCTGTGGGTGGTCGGTCGCGCCTTCTGTTGACTGCACGCAGTGAGCGGAGGGACGACGGCAGGCTTCTCGTGGGTGTCCCGTATACGTGCCTAGGAAGTTGGCGTGCAAATGGCTTCATCCGACC	17327
Animalia	Ctenophora	Tentaculata	Cydippida	Pleurobrachiidae	Hormiphora	NA	AAACGAATGGAGCCAGCAAGGCATCCTGTTTGATTCAGCCGGTGGCCGGTAGCCCCCGTCCTGCAGTGATCTTCGGACTCATGTGGGAGACGGCGTTGCCGGTTGCCGTGTGCACTTATTCAGGATGCGTGCCAACTTGGCTTGGTGACGGTCAACACGGTCGTATGGGAAGGTAGCTCTCCTCGGGGAGTATTATAGCCCTTCGTCCCGGATCGTCGCCGAGTGAGGTGTTGCGGTACGTGCCTCTTTTGGCTTGGGCCTCGTTGGTGGTCTGTCACGCCTAGTGTTGACTGCACGCAGTGAGCATTGGGTCGATGGCCGGCTGCCGGTGGGTGTCCCGTACACGTGCCTAGGAAGTTGGCGTGCAAATGGCTTCATCCGACC	11664
Animalia	Ctenophora	Tentaculata	Cydippida	Pleurobrachiidae	NA	NA	AAACGAATGGAGCCAGCAAGGCATCCTGTTTGATTCAGCCGGTGGCCGTTAGCCCCCTTCTGTGGTGATCCGTTTCGGACTCGCACGGGAGACGGCGTTGGCGGTTGCCGTGTGCACTTATTCAGGATGCGTGCCAACTTGGCTTGGTGACGGTCAACACGGTCAGCGCGGAAGGTAGCTCTCCTCGGGGAGTATTATAGCCCGCTGTCCCGGATCGTCGTCGAGTGAGGTGTTGCGGTACGTGCCTCTTGTGGGCTTGGGCCTCGTTGGTGGTCTGTCACGCCTAGTGTTGACTGCACGCAGTGAGCATTGGGTCGATGGCCGGCTTGCCTGATGGGTGTCCCGTACACGTGCCTAGGAAGTTGGCGTGCAAATGGCTTCATCCGACC	5571
Animalia	Ctenophora	Tentaculata	Cydippida	Callianiridae	Callianira	NA	AAGCGAATGGAGCCAGCAAGGCACTCGGTTTGATTCAGCCGGTGGACGTTTGCCCCCGTTCGTGGAGACCTTCGGGCTCTGCGGGCGACGGCGCAGGCGTTTTACCGTGTGCACTTATTCCGGGTGCGTGCCAACTTGGCTTGGTGACGGTCGAAACGGTCAGATGGGAAGGTAGCTTGCTTCGGTAAGTGTTATAGCCCTTTGTCCTGGATCGTCGCCGAGTGAGGAGTCGCGGTACGTGCTTTCGGGCTTGGGCCTCTTGGGCGGTCGGTCGCGCCTTCTGTTGACTGCACGCAGTGAGCGGAGGGACGACGGCAGGCTTCCCGAGGGTGTCCCGTATACGTGCCTAGGAAGTTGGCGTGCAAATGGCTTCATCCGACC	1802
Animalia	Ctenophora	Tentaculata	Cydippida	Mertensiidae	Mertensia	NA	AAGCGAATGGAGCCAGCAAGGCACTCGGTTTGATTCAGCCGGTGGCCGTCGGCCCCCGTCCGCGGAGATCTTCGGACTTCGCGGGCGACGGCGTTGGCGTTTGCCGTGTGCACTTATTCCGAGTGCGTGCCAACTTGGCTTGGTGACGGTCGAAACGGTCGGATGGGAAGGTAGCTTCCTTCGGGAAGTGTTATAGCCCTTCGTCCCGGATCGTCGCCGAGTGAGGTGTCGCGGTACGTGCTTTCGGGCTTGGGCCCTGTGGGTGGTCGGTTGCGCCTTCTGTTGACTGCACGCAGTGAGCGGAGGGACGACGGCAGGCTTCTCGTGGGTGTCCCGTATACGTGCCTAGGAAGTTGGCGTGCAAATGGCTTCATCCGACC	1145
Animalia	Ctenophora	Tentaculata	Cydippida	Pleurobrachiidae	Hormiphora	NA	AAACGAATGGAGCCAGCAAGGCATCCTGTTTGATTCAGCCGGTGGCCGGTAGCCCCCGTCCTGCAGTGATCTTCGGACTCATGTGGGAGACGGCGTTGCCGGTTGCCGTGTGCACTTATTCAGGATGCGTGCCAACTTGGCTTGGTGACGGTCAACACGGTCGTATGGGAAGGTAGCTCTCCTCGGGGAGTATTATAGCCCTTCGTCCCGGATCGTCGCCGAGTGAGGTGTTGCGGTACGTGCCTCTTTTGGCTTGGGCCTCGTAGGTGGTCTGTCACGCCTAGTGTTGACTGCACGCAGTGAGCATTGGGTCGATGGCCGGCTGCCGGTGGGTGTCCCGTACACGTGCCTAGGAAGTTGGCGTGCAAATGGCTTCATCCGACC	918
Animalia	Ctenophora	Tentaculata	Cydippida	Callianiridae	Callianira	NA	AAGCGAATGGAGCCAGCAAGGCACTCGGTTTGATTCAGCCGGTGGACGTTTGCCCCCGTCTGCGGAGACCTTCGGGCTCTTCGGGCGACGGCGCTGGCGTTTGCCGTGTGCACTTATTCCGGGTGCGTGCCAACTTGGCTTGGTGACGGTCGAAACGGTCAGATGGGAAGGTAGCTTGCTTCGGTGAGTGTTATAGCCCTTTGTCCTGGATCGTCGCCGAGTGAGGCGTCGCGGTACGTGCTTTCGGGCTTGGGCCTCGTGGGCGGTCGGTCGCGCCTTCTGTTGACTGCACGCAGTGAGCGGAGGGACGACGGCAGGCTTCCCGTGGGTGTCCCGTATAACGTGCCTAGGAAGTTGGCGTGCAAATGGCTTCATCCGACC	601
Animalia	Ctenophora	Tentaculata	Cydippida	Haeckeliidae	Haeckelia	NA	AAGCGAATGGAGCCAGCAAGGCACCCAGTTTGATTCAGCCGGTGGTCGTCGGCCCCCGGCCGTGGAGATCTTACGACTCTACGGTCGACGGCGTCGGTGATTGCTGAGTGCACTTATTCTGGGTGCGTGCCAACTTGGCTTGATGACGGTCGATACGGGCGGATGGGAAGGTAACTTCCTTTGGGAAGCATTATAGCCCTTCGTCCCAGATTGTCGTCGAGTGAGGTGTCGCGGTACGTGCTCTCTCGGGCTTGGGCTTCATGGGTGGTCGGTTGCGCCTTCTGTTGACTGCACGCAGTGAGCGGAGGGACGACGGCAGGCTTCTCGTGGATGTCCCGTATACGTGCCTAGGAAGTTGGCGTGCAAATGGCTTCATCCGACC	427
Animalia	Ctenophora	Tentaculata	Cydippida	Callianiridae	Callianira	NA	AAGCGAATGGAGCCAGCAAGGCACTCGGTTTGATTCAGCCGGTGGACGTCTGCCCCCGTCCGCGGAGACCTTCGGGCTCTTCGGGCGACGGCGCTGGCGTTTGCCGTGTGCACTTATTCCGGGTGCGTGCCAACTTGGCTTGGTGACGGTCGAAACGGTCAGATGGGAAGGTAGCTTGCTTCGGTGAGTGTTATAGCCCTTTGTCCTGGATCGTCGCCGAGTGAGGCGTCGCGGTACGTGCTTTCGGGCTTGGGCCTCGTGGGCGGTCGGTCGCGCCTTCTGTTGACTGCACGCAGTGAGCGGAGGGACGACGGCAGGCTTCCCGTGGGTGTCCCGTATAACGTGCCTAGGAAGTTGGCGTGCAAATGGCTTCATCCGACC	461
Animalia	Ctenophora	Tentaculata	Cydippida	Pleurobrachiidae	Hormiphora	NA	AAACGAATGGAGCCAGCAAGGCATCCTGTTTGATTCAGCCGGTGGCCGGTAGCCCCCGTCCTGCAGTGATCTTCGGACTCATGCGGGAGACGGCGTTGCTGGTTGCCGTGTGCACTTATTCAGGATGCGTGCCAACTTGGCTTGGTGACGGTCAACACGGTCGTATGGGAAGGTAGCTCTCCTCGGGGAGTATTATAGCCCTTCGTCCCGGATCGTCGCCGAGTGAGGTGTTGCGGTACGTGCCTCTTTTGGCTTGGGCCTCGTTGGTGGTCTGTCACGCCTAGTGTTGACTGCACGCAGTGAGCATTGGGTCGATGGCCGGCTGCCGGTGGGTGTCCCGTACACGTGCCTAGGAAGTTGGCGTGCAAATGGCTTCATCCGACC	448
Animalia	Ctenophora	Tentaculata	Thalassocalycida	Thalassocalycidae	Thalassocalyce	NA	AAGCGAATGGAGCCAGCAAGGCATCCGGTTTGATTCAGCCGGTGGTCGTCGGCACCCGTTCTCGGAGATCTTCGGACTCTGCGTTCGACGTCGTCTACGATTGCCGTGTGCACTTATTCCGGGTGCGTGCCAACTTGGCTTGGTGACGGTCGATACGGACGGATGGGAAGGTGGCTTCTTTCGGGAAGTGTTACAGCCCTTCGCCCCGGATCGTCGCCGAGTGAGGAGTCGCGGTACGTGCTTTCGGGCTTGGGCCCCGTGGGCGGTCGGTCGCGCCTTCTGTTGACTGCACGCAGTGAGCGGAGGGACGACGGCAGGCTTCTCGCGGGTGTCCCGCAAACGTGCCTAGGAAGTTGGCGTGCAAATGGCTTTATCCGACC	435
Animalia	Ctenophora	Tentaculata	NA	NA	NA	NA	AAGCGAATGGAGCCAGCAAGGCACCCGGTTTGATTCAGCCGGTGGTCGTCGGCCCCCGTGTGTGGCGATCTTCGGACGCTGCTAGCGACGGCGTTGACGGTCACCGTGTGCACTTATTCCGGGTGCGTGCCAACTTGGATTGGGGACGGTCGATACGGTCGGGTGGGAAGGTAACTCCTTCCGAGGAGCGTTACAGCCCCCCGTCCTGGATCGTCGCCGATCGAGGAGCTGCGGTGCGTGCTTTCGGGCTTGGGCCTCGTCGGAGGTTATTCGCGCCTTCTGTTGACTGCACGCAGTGAGCGGAGGGACGACGAGTGGCTTCTTTCGGGTGTCCCGTATACGCGCCTAGGAAGTTGGCGTGCAAATGGCTTTATCCGACC	573
Animalia	Ctenophora	Tentaculata	Lobata	Ocyropsidae	Ocyropsis	crystallina	AAGCGAATGGAGCCAGCAAGGCATCCGGTTTGATTCAGCCGGTGGTCATTGGCCCTCGTTTGTAGGGATCTTCGGACTCTGCTTGCGATGGCGTCAGCGATTGCCGTGTGCACTTATTCCGGATGCGTGCCAACTTGGCTTGGTGACGGTCGATACGGACGGATGGGAAGGTAGCTCTTCTCGGAGAGTGTTATAGCCCTTCGCCCTGGATCGTCGCCGAGTGAGGTGTCGCGGTACGTGCTTTCGGGCTTGGACCCTGTGGGCGGTCGGTCGCGCCTTCTGTTGACTGCACGCAGTGAGCGGAGGGACGACGGCTGGCTTTCCGTGGGTGTTCCGTATACGTGCCTAGGAAGTTGGCGTGCAAATGGCTTCATCCGACC	219
Animalia	Ctenophora	Tentaculata	Cydippida	Pleurobrachiidae	Hormiphora	NA	AAACGAATGGAGCCAGCAAGGCATCCTGTTTGATTCAGCCGACGGCTGGTAGCCCCCGTCCTGCAGTGATCTTCGGACTCATGTGGGAGACGGCGTTGCCGGTTGCCGTGTGCACTTATTCAGGATGCGTGCCAACTTGGCTTGGTGACGGTCAACACGGTCGTATGGGAAGGTAGCTCTCCTCGGGGAGTATTATAGCCCTTCGTCCCGGATCGTCGCTGAGTGAGGTGTTGCGGTACGTGCCTCTTTTGGCTTGGGCCTCGTTGGTGGTCTGTCACGCCTAGTGTTGACTGCACGCAGTGAGCATTGGGTCGATGGCCGGCTGCCGGTGGGTGTCCCGTACACGTGCCTAGGAAGTTGGCGTGCAAATGGCTTCATCCGACC	210
Animalia	Ctenophora	Tentaculata	Cydippida	Mertensiidae	NA	NA	AAGCGAATGGAGCCAGCAAGGCACTCGGTTTGATTCAGCCGGTGGCCGTCGGCCCCCGTCCGCGAAGATCTTCGGACTTTGCGGGCGACGGCGTTGGCGTTTGCCGTGTGCACTTATTCCGAGTGCGTGCCAACTTGGCTTGGTGACGGTCGAAACGGTCGGACGGGAAGGTAGCTCCTTTCGGGGAGTGTTATAGCCCTTCGTCCCGGATCGTCGCCGAGCGAGGAGTCGCGGTACGTGCTTTCGGGCTTGGGCCTCGTGGGTGGTCGGTCGCGCCTTCTGTTGACTGCACGCAGTGAGCGGAGGGACGACGGCAGGCTTCCCGTGGGTGTCCCGTATACGTGCCTAGGAAGTTGGCGTGCAAATGGCTTTATCCGACC	332
Animalia	Ctenophora	Tentaculata	Cydippida	Pleurobrachiidae	Hormiphora	NA	AAACGAATGGAGCCAGCAAGGCATCCTGTTTGATTCAGCCGGTGGCCGGTAGCCCCCGTCCTGCAGTGATCTTCGGACTCATGTGGGAGACGGCGTTGCTGGTTGCCGTGTGCACTTATTCAGGATGCGTGCCAACTTGGCTTGGTGACGGTCAACACGGTCGTATGGGAAGGTAGCTCTCCTCGGGGAGTATTATAGCCCTTCGTCCCGGATCGTCGCCGAGTGAGGTGTTGCGGTACGTACCTCTTTTGGCTTGGGCCTCGTTGGTGGTCTGTCACGCCTAGTGTTGACTGCACGCAGTGAGCATTGGGTCGATGGCCGGCTGCCGGTGGGTGTCCCGTACACGTGCCTAGGAAGTTGGCGTGCAAATGGCTTCATCCGACC	165
Animalia	Ctenophora	Tentaculata	Cydippida	Pleurobrachiidae	Hormiphora	NA	AAACGAATGGAGCCAGCAAGGCATCCTGTTTGATTCAGCCGGTGGCCGGTAGCCCCCGTCCTGCAGTGATCTTCGGACTCATGTGGGAGACGGCGTTGCTGGTTGCCGTGTGCACTTATTCAGGATGCGTGCCAACTTGGCTTGGTGACGGTCAACACGGTCGTATGGGAAGGTAACTCTCCTCGGGGAGTATTATAGCCCTTCGTCCCGGATCGTCGCCGAGTGAGGTGTTGCGGTACGTGCCTCTTTTGGCTTGGGCCTCGTTGGTGGTCTGTCACGCCTAGTGTTGACTGCACGCAGTGAGCATTGGGTCGATGGCCGGCTGCCGGTGGGTGTCCCGTACACGTGCCTAGGAAGTTGGCGTGCAAATGGCTTCATCCGACC	159
Animalia	Ctenophora	Tentaculata	Thalassocalycida	Thalassocalycidae	Thalassocalyce	inconstans	AAGCGAATGGAGCCAGCAAGGCATCCGGTTTGATTCAGCCGGTGGTCGTCGGCCCCCGTTCTCGGAGATCTTCGGACTCCGCGTTCGACGGCGTCTACGATTGCCGTGTGCACTTATTCCGGATGCGTGCCAACTTGGCTTGGTGACGGTCGATACGGACGGACGGGAAGGTAGCTTCTCTCGGGAAGTGTTACAGCCCCCCGCCCCGGATCGTCGCCGAGTGAGGAGTCGCGGTACGTGCTTTCGGGCTTGGGCCCTGTGGGCGGTCGGTCGCGCCTTCTGTTGACTGCACGCAGTGAGCGGAGGGACGACGGCAGGCTTCTCGCGGGTGTCCCGTAAACGTGCCTAGGAAGTTGGCGTGCAAATGGCTTTATCCGACC	337
Animalia	Ctenophora	Tentaculata	Cydippida	Pleurobrachiidae	Hormiphora	NA	AAACGAATGGAGCCAGCAAGGCATCCTGTTTGATTCAGCCGGTGGCCGGTAGCCCCCGTCCTGCAGTGATCTTCGGACTCATGTGGGAGACGGCGTTGCCGGTTGCCGTGTGCACTTATTCAGGATGCGTGCCAACTTGGCTTGGTGACGGTCAACACGGTCGTATGGGAAGGTAGCTCTCCTCGGGGAGTATTATAGCCCTTCGTCCCGGATCGTCGCTGAGTGAGGTGTTGCGGTACGTGCCTCTTTTGGCTTGGGCCTCGTTGGTGGTCTGTCACGCCTAGTGTTGACTGCACGCAGTGAGCATTGGGTCGATGGCCGGCTGCCGGTGGGTGTCCCGTACACGTGCCTAGGAAGTTGGCGTGCAAATGGCTTCATCCGACC	156
Animalia	Ctenophora	Tentaculata	Cydippida	Pleurobrachiidae	Hormiphora	NA	AAACGAATGGAGCCAGCAAGGCATCCTGTTTGATTCAGCCGGTGGCCGGTAGCCCCCGTCCTGCAGTGATCTTCGGACTCATGTGGGAGACGGCGTTGCCGGTGGCCGTGTGCACTTATTCAGGATGCGTGCCAACTTGGCTTGGTGACGGTCAACACGGTCGTATGGGAAGGTAGCTCTCCTCGGGGAGTATTATAGCCCTTCGTCCCGGATCGTCGCCGAGTGAGGTGTTGCGGTACGTGCCTCTTTTGGCTTGGGCCTCGTTGGTGGTCTGTCACGCCTAGTGTTGACTGCACGCAGTGAGCATTGGGTCGATGGCCGGCTGCCGGTGGGTGTCCCGTACACGTGCCTAGGAAGTTGGCGTGCAAATGGCTTCATCCGACC	119
Animalia	Ctenophora	Tentaculata	Cydippida	Mertensiidae	Mertensia	NA	AAGCGAATGGAGCCAGCAAGGCACTCGGTTTGATTCAGCCGGTGGCCGTCGGCCCCCGTCCGCGGAGATCTTCGGACTTCGCGGGCGACGGCGTTGGCGTTTGCCGTGTGCACTTATTCCGAGTGCGTGCCAACTTGGCTTGGTGACGGTCGAAACGGTCGGATGGGAAGGTAGCTTCCTTCGGGAAGTGTTATAGCCCTTCGTCCCGGATCGTCGCCGAGTGAGGTGTCGCGGTACGTGCTTTCGGGCTTGGGCCCTGTGGGTGGTCGGTCGCGCCTTCTGTTGACTGCACGCAGTGAGCGGAGGGACGACGGCAGGCTTCTCGTGGGTGTCCCGTATACGTGCCTAGGAAGTTGGCGTGCAAATGGCTTTATCCGACC	111
Animalia	Ctenophora	NA	NA	NA	NA	NA	AAGCGAATGGAGCCAGCAAGGCACCCGGTTTGATTCAGCCGGTGGTCGTAGGCCCCAGGTCGTGGAGATCAATAGACTCTTCGGCTGACGGCGTCTGCGATTGCCGTGTGCACTTATTCCGGGTGCGTGCCAACTTGGCTTGGTGACGATTGACACGGGCGTGATGGGAAGGTAACTCCCTTCGGGGAGCGTTATAGCCCTTCGTCCTAGATCGTCGTCGAGTGAGGTGTCGCGGTACGTGCTCTTTTGGGCTTGGGCCTCGTGGGCGGTCGGTCGCGCCTTCTGTTGACTGCACGCAGTGAGCGGAGGGACGACGGCAGGCTTCTCGTGTGTGTCCCGTATACGTGCCTAGGAAGTTGGCGTGCAAATGGCTTCATCCGACC	97
Animalia	Ctenophora	Tentaculata	NA	NA	NA	NA	AAGCGAATGGAGCCAGCAAGGCATCCGGTTTGATTCAGCCGGTGGTCGTCGGCCCCCGTTCGCGGAGATCTTCGGACTTCGCGGACGACGGCGTCGACGATTGCCGTGTGCACTTATTCCGGGTGCGTGCCAACTTGGCTTGGTGACGGTCGATACGGACGGACGGGAAGGTAGCTTCCTTCGGGGAGTGTTACAGCCCTTCGCCCCGGATCGTCGCCGAGTGAGGAGTCGCGGTACGTGCTTTCGGGCTTGGGCCCCGTGGGCGGTCGGTCGCGCCTTCTGTTGACTGCACGCAGTGAGCGGAGGGACGACGGCAGGCTTTTCGCGGGTGTCCCGCATACGTGCCTAGGAAGTTGGCGTGCAAATGGCTTTATCCGACC	112
Animalia	Ctenophora	Tentaculata	Cydippida	Pleurobrachiidae	Hormiphora	NA	AAACGAATGGAGCCAGCAAGGCATCCTGTTTGATTCAGCCGGTGGCCGGTAGCCCCCGTCCTGCAGTGATCTTCGGACTCATGTGGGAGACGGCGTTGCTGGTTGCCGTGTGCACTTATTCAGGATGCGTGCCAACTTGGCTTGGTGACGGTCAACACGGTCGTATGGGAAGGTAGCTCTCCTCGGGGAGTATTATAGCCCTTCGTCCCGGATCGTCGCCGAGTGAGGTGTTGCGGTACGTGCCTCTTTTGGCTTGGGCCTCGTTGGTGGTCTGTCACGCCTAGTGTTGACTGCACGCAGTGAGCATTGGGTCGATGGCCGGCTGCCGGTGGGTGTCCCGTACACGTGCCTAGGAAGTTGGTGTGCAAATGGCTTCATCCGACC	84
Animalia	Ctenophora	Tentaculata	Cydippida	Pleurobrachiidae	Hormiphora	NA	AAACGAATGGAGCCAGCAAGGCATCCTGTTTGATTCAGCCGGTGGCCGGTAGCCCCCGTCCTGCAGTGATCTTCGGACTCATGCGGGAGACGGCGTTGCTGGTTGCCGTGTGCACTTATTCAGGATGCGTGCCAACTTGGCTTGGTGACGGTCAACACGGTCGTATGGGAAGGTAGCTCTCCTCGGGGAGTATTATAGCCCTTCGTCCCGGATCGTCGCCGAGTGAGGTGTTGCGGTACGTGCCTCTTTTGGCTTGGGCCTCGTTGGTGGTCTGTCACGCCTAGTGTTGACTGCACGCAGTGAGCATTGGGTCGATGGCCGGCTGCCGGTGGGTGTCCCGTCCACGTGCCTAGGAAGTTGGCGTGCAAATGGCTTCATCCGACC	76
Animalia	Ctenophora	Tentaculata	NA	NA	NA	NA	AAGCGAATGGAGCCAGCAAGGCACCCGGTCTCATTCAGCCGGTGGGTGCGGGCCCCCGGTCGGCGAGATCCGTTCAGGACTCGTCGGTCGACGGCGTCTGCACTTGCCGTGTGCACTTATTCCGGGTGCGTGTCAACTTGGCTTGCGGACGGTCAACACGAACGGATGGGAAGGTAGCTTGCTCCGGTGAGTGTTATAGCCCGCTGTTCCGGATTGTCGGCGAGTGAGGTGTCGCGGTACGTGCTCTCGGGCTTGGGCCCCGTTGTCGGTCGGTCGCGCCTTCTGTTGACTGCACGCAGTGAGCGGAGGGACGACGGCAGGCTGGCGGTGGGTGTCCCGTAAACGTGCCTAGGAAGTTGACGTGCAAATGGCTTCATCCGACC	97
Animalia	Ctenophora	Tentaculata	Cydippida	NA	NA	NA	AAGCGAATGGAGCCAGCAAGGCACCCGGTTTGATTCAGCCGGTGGTCGTCGGCCCCCGTTCTCGTTGATCTTCGGACTTCGGGAGCGACGGCGTTGATGGTTGCCGTGTGCACTTATTCCGGGTGCGTGCCAACTTGGGCTGTTGACGATCGACACGGTCGGATGGGAAGGTAACTCCCTCCGGGGAGCGTTATAGCCCTCCGTCCCAGGTCGTCGACGGCTGAGGAGTCGCGGTACGTGCTTTCGGGCTTTGGCCCTGTGGGTGGTCGGTCGCGCCTTCTGTTGACTGCACGCAGTGAGTGGAGGGACGACGGCAGGCTTCTCGTGGGTGTCCAGTATACGTACCTAGGAAGTTGGCGTGCAAATGGCTTTATCCGACC	51
Animalia	Ctenophora	Tentaculata	Cydippida	Callianiridae	Callianira	NA	AAGCGAATGGAGCCAGCAAGGCACTCGGTTTGATTCAGCCGGTGGACGTTTGCCCCCGTTCGTGGAGACCTTCGGGCTCTGCGGGCGACGGCGCAGGCGTTTTACCGTGTGCACTTATTCCGGGTGCGTGCCAACTTGGCTTGGTGACGGTCGAAACGGTCAGATGGGAAGGTAGCTTGTTTCGGCGAGTGTTATAGCCCTTTGTCCTGGATCGTCGCCGAGTGAGGAGTCGCGGTACGTGCTTTCGGGCTTGGGCCTCTTGGGCGGTCGGTCGCGCCTTCTGTTGACTGCACGCAGTGAGCGGAGGGACGACGGCAGGCTTCCCGAGGGTGTCCCGTATACGTGCCTAGGAAGTTGGCGTGCAAATGGCTTCATCCGACC	126
Animalia	Ctenophora	Tentaculata	Cydippida	NA	NA	NA	AAGCGAATGGAGCCAGCAAGGCACCCAGTTTGATTCAGCCGGTGGCCGGTAGCCCCCGTCCTGCAGTGATCTTCGGACTCATGTGGGAGACGGCGTTGCCGGTTGCCGTGTGCACTTATTCTGGGTGCGTGCCAACTTGGCTTGATGACGGTCGATACGGGCGGATGGGAAGGTAACTTCCTTTGGGAAGCATTATAGCCCTTCGTCCCAGATTGTCGTCGAGTGAGGTGTCGCGGTACGTGCTCTCTCGGGCTTGGGCTTCATGGGTGGTCGGTTGCGCCTTCTGTTGACTGCACGCAGTGAGCGGAGGGACGACGGCAGGCTTCTCGTGGATGTCCCGTATACGTGCCTAGGAAGTTGGCGTGCAAATGGCTTTATCCGACC	46
Animalia	Ctenophora	Tentaculata	Cydippida	Pleurobrachiidae	Hormiphora	NA	AAACGAATGGAGCCAGCAAGGCATCCTGTTTGATTCAGCCGGTGGCCGGTAGCCCCCGTCCTGCAGTGATCTTCGGACTCATGTGGGAGACGGCGTTGCTGGTTGCCGTGTGCACTTATTCAGGATGCGTGCCAACTTGGCTTGGTGACGGTCAACACGGTCGTATGGGAAGGTAGCTCTCCTCGGGGAGTATTATAGCCCTTCGTCCCGGATCGTCGCCGAGTGAGGTGTTGCGGTACGTGCCTCTTTTGGCTTGGACCTCGTTGGTGGTCTGTCACGCCTAGTGTTGACTGCACGCAGTGAGCATTGGGTCGATGGCCGGCTGCCGGTGGGTGTCCCGTACACGTGCCTAGGAAGTTGGCGTGCAAATGGCTTCATCCGACC	44
Animalia	Ctenophora	Tentaculata	NA	NA	NA	NA	AAGCGAATGGAGCCAGCAAGGCACCCGGTTTGACTCAGCCGGTGGTCGTGGGCCCCCGTCCTTGGTGATCTTCGGACTCGAAGGGCGACGGCGTCTGCGACTTCCGAGTGCACTTATTCCGGGTGCGTGCCAACTTGGCTTGGGGACGATCGACACGGACGGACGAGAAGGTAGCCTCCAGCAATGGGGGTGTTATAGCTCTCTGCCCCAGGTCGTCGCCGAGTGAGGTGTCGCGGTACGTGCTCTCGGGCTTGGGCCTCGTTGGTGGTCGGTCGCACCTTCTGTTGACTGCACGCAGTGAGCGGAGGGATGACGGCAGGCTTCCGGTGGGTGTCCCGTAAACGTACCTAGGAAGTTGGCGTGCAAATGGCTTTATCCGACC	49
Animalia	Ctenophora	Tentaculata	Cydippida	NA	NA	NA	AAGCGAATGGAGCCAGCAAGGCACCCGGTTTGATTCAGCCGGTGGTCGTCGGCCCCCGTTCTCGTCGATCTTCGGACTTCGGGAGCGACGGCGTTGATGGTTGCCGTGTGCACTTATTCCGGGTGCGTGCCAACTTGGGCTGTTGACGATCGACACGGTCGGATGGGAAGGTAACTCCTCTCGAGGAGCGTTATAGCCCTTCGTCCCAGGTCGTCGGCGGCTGAGGAGTCGCGGTACGTGCTTTCGGGCTTTGGCCCTGTGGGTGGTCGGTCGCGCCTTCTGTTGACTGCACGCAGTGAGTGGAGGGACGACGGCAGGCTTCTCGTGGGTGTCCAGTATACGTACCTAGGAAGTTGGCGTGCAAATGGCTTTATCCGACC	64
Animalia	Ctenophora	Tentaculata	Cydippida	Pleurobrachiidae	Hormiphora	NA	AAACGAATGGAGCCAGCAAGGCATCCTGTTTGATTCAGCCGGTGGCCGGTAGCCCCCGTCCTGCAGTGATCTTCGGACTCATGTGGGAGACGGCGTTGCTGGTTGCCGTGTGCACTTATTCCGGGTGCGTGCCAACTTGGCTTGGTGACGGTCAACACGGTCGTATGGGAAGGTAGCTCTCCTCGGGGAGTATTATAGCCCTTCGTCCCGGATCGTCGCCGAGTGAGGTGTTGCGGTACGTGCCTCTTTTGGCTTGGGCCTCGTTGGTGGTCTGTCACGCCTAGTGTTGACTGCACGCAGTGAGCATTGGGTCGATGGCCGGCTGCCGGTGGGTGTCCCGTACACGTGCCTAGGAAGTTGGCGTGCAAATGGCTTCATCCGACC	37
Animalia	Ctenophora	Tentaculata	Cydippida	Callianiridae	Callianira	NA	AAGCGAATGGAGCCAGCAAGGCACTCGGTTTGATTCAGCCGGTGGACGTTTGCCCCCGTCCGCGGAGACCTTCGGGCTCTTCGGGCGACGGCGCTGGCGTTTGCCGTGTGCACTTATTCCGGGTGCGTGCCAACTTGGCTTGGTGACGGTCGAAACGGTCAGATGGGAAGGTAGCTTGCTTCGGTGAGTGTTATAGCCCTTTGTCCTGGATCGTCGCCGAGTGAGGCGTCGCGGTACGTGCTTTCGGGCTTGGGCCTCGTGGGCGGTCGGTCGCGCCTTCTGTTGACTGCACGCAGTGAGCGGAGGGACGACGGCAGGCTTCCCGTGGGTGTCCCGTATAACGTGCCTAGGAAGTTGGCGTGCAAATGGCTTCATCCGACC	33
Animalia	Ctenophora	Tentaculata	Cydippida	Mertensiidae	Mertensia	NA	AAGCGAATGGAGCCAGCAAGGCACTCGGTTTGATTCAGCCGGTGGCCGTCGGCCCCCGTCCGCGGAGATCTTCGGACTTCGCGGGCGACGGCGTTGGCGTTTGCCGTGTGCACTTATTCCGAGTGCGTGCCAACTTGGCTTGGTGACGGTCGAAACGGTCGGATGGGAAGGTAGCTACCCTCGGGTAGTGTTATAGCCCTTCGTCCCGGATCGTCGCCGAGTGAGGTGTCGCGGTACGTGCTTTCGGGCTTGGGCCCTGTGGGTGGTCGGTCGCGCCTTCTGTTGACTGCACGCAGTGAGCGGAGGGACGACGGCAGGCTTCTCGTGGGTGTCCCGTATACGTGCCTAGGAAGTTGGCGTGCAAATGGCTTCATCCGACC	38
Animalia	Ctenophora	Tentaculata	Cydippida	Mertensiidae	Mertensia	NA	AAGCGAATGGAGCCAGCAAGGCACTCGGTTTGATTCAGCCGGTGGCCGTCGGCCCCCGTCCGCGGAGATCTTCGGACTTCGCGGGCGACGGCGTTGGCGTTTGCCGTGTGCACTTATTCCGAGTGCGTGCCAACTTGGCTTGGTGACGGTCGAAACGGTCGGATGGGAAGGTAGCTCTCTCCGGGGAGTGTTATAGCCCTTCGTCCCGGATCGTCGCCGAGTGAGGTGTCGCGGTACGTGCTTTCGGGCTTGGGCCCTGTGGGTGGTCGGTCGCGCCTTCTGTTGACTGCACGCAGTGAGCGGAGGGACGACGGCAGGCTTCCCGCGGGTGTCCCGTATACGTGCCTAGGAAGTTGGCGTGCAAATGGCTTCATCCGACC	46
Animalia	Ctenophora	Tentaculata	Cydippida	Pleurobrachiidae	Hormiphora	NA	AAACGAATGGAGCCAGCAAGGCATCCTGTTTGATTCAGCCGGTGGCCGGTAGCCCCCGTCCTGCAGTGATCTTCGGACTCATGTGGGAGACGGCGTTAATGGTTGCCGTGTGCACTTATTCAGGATGCGTGCCAACTTGGCTTGGTGACGGTCAACACGGTCGTATGGGAAGGTAGCTCTCCTCGGGGAGTATTATAGCCCTTCGTCCCGGATCGTCGCCGAGTGAGGTGTTGCGGTACGTGCCTCTTTTGGCTTGGGCCTCGTTGGTGGTCTGTCACGCCTAGTGTTGACTGCACGCAGTGAGCATTGGGTCGATGGCCGGCTGCCGGTGGGTGTCCCGTACACGTGCCTAGGAAGTTGGCGTGCAAATGGCTTCATCCGACC	26
Animalia	Ctenophora	Tentaculata	Cydippida	Mertensiidae	Mertensia	NA	AAGCGAATGGAGCCAGCAAGGCACTCGGTTTGATTCAGCCGGTGGCCGTCGGCCCCCGTCCACGGAGATCTTCGGACTTCGTGGGCGACGGCGTTGGCGTTTGCCGTGTGCACTTATTCCGAGTGCGTGCCAACTTGGCTTGGTGACGGTCGAAACGGTCGGATGGGAAGGTAGCTACCCTCGGGTAGTGTTATAGCCCTTCGTCCCGGATCGTCGCCGAGTGAGGTGTCGCGGTACGTGCTTTCGGGCTTGGGCCCTGTGGGTGGTCGGTCGCGCCTTCTGTTGACTGCACGCAGTGAGCGGAGGGACGACGGCAGGCTTCTCGTGGGTGTCCCGTATACGTGCCTAGGAAGTTGGCGTGCAAATGGCTTCATCCGACC	24
Animalia	Ctenophora	Tentaculata	Cydippida	Haeckeliidae	Haeckelia	NA	AAGCGAATGGAGCCAGCAAGGCACCCAGTTTGATTCAGCCGGTGGTCGTCGGCCCCCGGCCGTGGAGATCTTACGACTCTACGGTCGACGGCGTCGGTGATTGCTGAGTGCACTTATTCTGGGTGCGTGCCAACTTGGCTTGATGACGGTCGATACAGGTGGATGGGAAGGTAACTTCCTTTGGGAAGCATTATAGCCCTTCGTCCCAGATTGTCGTCGAGTGAGGTGTCGCGGTACGTGCTCTCTCGGGCTTGGGCTTCATGGGTGGTCGGTTGCGCCTTCTGTTGACTGCACGCAGTGAGCGGAGGGACGACGGCAGGCTTCTCGTGGATGTCCCGTATACGTGCCTAGGAAGTTGGCGTGCAAATGGCTTTATCCGACC	23
Animalia	Ctenophora	Tentaculata	Cydippida	Lampeidae	Lampea	NA	AAGCGAATGGAGCCAGCAAGGCACCCGGTTTGATTCAGCCGGTGGTCGTGGGCCCCCGTCTGGGACGATCTTCGGACGTTGCGGGCGACGGCGCTTACGGTTGCCGTGTGCACTTATTCCGGGTGCGTGCCAACTTGGATTACTGACGATCGACACGGTCGGATGGGAAGGTAGCTCGCTTCGGTGAGTGTTATAGCCCTTCGTCCCAGGTCGTCGGTGATTGAGGAGCCGCGGTATGTGCTTTCGGGCTTCGGCCCTGTGGGCGGTCGGTCGGGCCTTCTGTTGACTGCACGCAGTGAATGGAGGGACCACGGCAGGCTTCTCGCGGGTGTCCGGTATACATACCTAGGAAGTTGGCGTGCAAATGGCTTCATCCGACC	48
Animalia	Ctenophora	Tentaculata	Lobata	Lampoctenidae	Lampocteis	NA	AAGCGAATGGAGCCAGCAAGGCATCCGGTTTGATTCAGCCGGTGGTCGTCGGCCCCCGTCCCCGGAGATCCTCGGACTCTGGCGGGCGACGGCGTCGACGATTGCCGTGTGCACTTATTCCGGGTGCGTGCCAACTTGGCTTGGTGACGGTCGACACGGACGGACGGGAAGGTAGCTTCCCTCGGGGAGTGTTACAGCCCTCCGCCCCGGATCGTCGCCGAGTGAGGTGCCGCGGTACGTGCTTTCGGGCTTGGGCCCCGCGGGCGGTCGGTCGCGCCTTCTGTTGACTGCACGCAGTGAGCGGAGGGACGACGGCAGGCTTCCCGCGGGTGTCCCGTATACGTGCCTAGGAAGTTGGCGTGCAAATGGCTTTATCCGACC	26
Animalia	Ctenophora	Tentaculata	Cydippida	NA	NA	NA	AAGCGAATGGAGCCAGCAAGGCACTCGGTTTGATTCAGCCGGTGGCCGTCGGCCCCCGTCCGCGGAGATCTTCGGACTTCGCGGGCGACGGCGTTGGCGTTTGCCGTGTGCACTTATTCCGAGTGCGTGCCAACTTGGCTTGGTGACGGTCGAAACGGTCAGATGGGAAGGTAGCTTGCTTCGGTGAGTGTTATAGCCCTTTGTCCTGGATCGTCGCCGAGTGAGGCGTCGCGGTACGTGCTTTCGGGCTTGGGCCTCGTGGGCGGTCGGTCGCGCCTTCTGTTGACTGCACGCAGTGAGCGGAGGGACGACGGCAGGCTTCCCGTGGGTGTCCCGTATAACGTGCCTAGGAAGTTGGCGTGCAAATGGCTTCATCCGACC	20
Animalia	Ctenophora	Tentaculata	NA	NA	NA	NA	AAGCGAATGGAGCCAGCAAGGCATCCGGTTTGATTCAGCCGGTGGTCGTCGGCCCCCGTTTTCGGAGATCTTCGGACTTCGCGAGCGACGGCGTCGACGATTGCCGTGTGCACTTATTCCGGGTGCGTGCCAACTTGGCTTGGTGACGGTCGATACGGACGGACGGGAAGGTAGCTTCTTTCGGGGAGTGTTACAGCCCTTCGCCCCGGATCGTCGCCGAGTGAGGAGTCGCGGTACGTGCTTTCGGGCTTGGGCCCCGTGGGCGGTCGGTCGCGCCTTCTGTTGACTGCACGCAGTGAGCGGAGGGACGACGGCAGGCTTCTCGCGGGTGTCCCGCATACGTGCCTAGGAAGTTGGCGTGCAAATGGCTTTATCCGACC	19
Animalia	Ctenophora	Tentaculata	Cydippida	Pleurobrachiidae	NA	NA	AAGCGAATGGAGCCAGCAAGGCACTCGGTTTGATTCAGCCGGTGGACGTCTGCCCCCGTCCGCGGAGACCTTCGGGCTCTTCGGGCGACGGCGCTGGCGTTTGCCGTGTGCACTTATTCAGGATGCGTGCCAACTTGGCTTGGTGACGGTCAACACGGTCAGCGCGGAAGGTAGCTCTCCTCGGGGAGTATTATAGCCCGCTGTCCCGGATCGTCGTCGAGTGAGGTGTTGCGGTACGTGCCTCTTGTGGGCTTGGGCCTCGTTGGTGGTCTGTCACGCCTAGTGTTGACTGCACGCAGTGAGCATTGGGTCGATGGCCGGCTTGCCTGATGGGTGTCCCGTACACGTGCCTAGGAAGTTGGCGTGCAAATGGCTTCATCCGACC	18
Animalia	Ctenophora	Tentaculata	NA	NA	NA	NA	AAGCGAATGGAGCCAGCAAGGCATCCGGTTTGATTCAGCCGGTGGTCGTCGGCCCCCGTTCGCGGAGATCTTCGGACTCTGCGGGCGACGGCGCCGACGATTGCCGTGTGCACTTATTCCGGGTGCGTGCCAACTTGGCTTGGTGACGGTCGACACGGACGGATGGGAAGGTAGCTTCTCTCGGGGAGTGTTACAGCCCTTCGCCCCGGATCGTCGCCGAGTGAGGTGTCGCGGTACGTGCTTTCGGGCTTGGGTCCCGTGGGCGGTCGGTCGCGCCTTCTGTTGACTGCACGCAGTGAGCGGAGGGACGACGGCAGGCTTCTCGCGGGTGTCCCGTATACGTGCCTAGGAAGTTGGCGTGCAAATGGCTTTATCCGACC	28
Animalia	Ctenophora	Tentaculata	Cydippida	Pleurobrachiidae	Hormiphora	NA	AAACGAATGGAGCCAGCAAGGCATCCTGTTTGATTCAGCCGACGGCTGGTAGCCCCCGTCCTGCAGTGATCTTCGGACCCATGTGGGAGACGGCGTTGCTGGTTGCCGTGTGCACTTATTCAGGATGCGTGCCAACTTGGCTTGGTGACGGTCAACACGGTCGTATGGGAAGGTAGCTCTCCTCGGGGAGTATTATAGCCCTTCGTCCCGGATCGTCGCTGAGTGAGGTGTTGCGGTACGTGCCTCTTTTGGCTTGGGCCTCGTTGGTGGTCTGTCACGCCTAGTGTTGACTGCACGCAGTGAGCATTGGGTCGATGGCCGGCTGCCGGTGGGTGTCCCGTACACGTGCCTAGGAAGTTGGCGTGCAAATGGCTTCATCCGACC	17
Animalia	Ctenophora	Tentaculata	Cydippida	Haeckeliidae	Haeckelia	NA	AAGCGAATGGAGCCAGCAAGGCACCCAGTTTGATTCAGCCGGTGGTCGTCGGCCCCCGGCCGTGGAGATCTTACGACTCTACGGTCGACGGCGTCGGTGATTGCTGAGTGCACTTATTCTGGGTGCGTGCCAACTTGGCTTGATGACGGTCGATACGGGCGGATGGGAAGGTAACTTCCTTTGGGAAGCATTATAGCCCTTCGTCCCAGATTGTCGTCGAGTGAGGTGTCGCGGTACGTGCTCTCTCGGGCTTGGGCTTCATGGGTGGTCGGTTGCGCCTTCTGTTGCCTGCACGCAGTGAGCGGAGGGTCGACGGCAGGCTTCTCGTGGATGTCCCGTATACGTGCCTAGGAAGTTGGCGTGCAAATGGCTTTATCCGACC	17
Animalia	Ctenophora	Tentaculata	NA	NA	NA	NA	AAGCGAATGGAGCCAGCAAGGCATCCGGTTTGATTCAGCCGGTGGTCGTCGGCACCCGTTCTCGGAGATCTTCGGACTCTGCGTTCGACGTCGTCTACGATTGCCGTGTGCACTTATTCTGGGTGCGTGCCAACTTGGCTTGATGACGGTCGATACGGGCGGATGGGAAGGTAACTTCCTTTGGGAAGCATTATAGCCCTTCGTCCCAGATTGTCGTCGAGTGAGGTGTCGCGGTACGTGCTCTCTCGGGCTTGGGCTTCATGGGTGGTCGGTTGCGCCTTCTGTTGACTGCACGCAGTGAGCGGAGGGACGACGGCAGGCTTCTCGTGGATGTCCCGTATACGTGCCTAGGAAGTTGGCGTGCAAATGGCTTTATCCGACC	17
Animalia	Ctenophora	Tentaculata	Cydippida	Pleurobrachiidae	NA	NA	AAACGAATGGAGCCAGCAAGGCATCCTGTTTGATTCAGCCGGTGGCCGTTAGCCCCCTTCTGTGGTGATCCGTTTCGGACTCGCACGGGAGACGGCGTTGGCGGTTGCCGTGTGCACTTATTCAGGATGCGTGCCAACTTGGCTTGGTGACGGTCAACACGGTCAGCGCGGAAGGTAGCTCTCCTCGGGGAGTATTATAGCCCGCTGTCCCGGATCGTCGTCGAGTGAGGTGTTGCGGTACGTGCCTCTTGTGGGCTTGGGCCTCGTTGGTGGTCTGTCACGCCTAGTGTTGACTGCACGCAGTGAGCGGAGGGACGACGGCAGGCTTCCCGTGGGTGTCCCGTATAACGTGCCTAGGAAGTTGGCGTGCAAATGGCTTCATCCGACC	14
Animalia	Ctenophora	Tentaculata	Cydippida	NA	NA	NA	AAACGAATGGAGCCAGCAAGGCATCCTGTTTGATTCAGCCGGTGGCCGTTAGCCCCCTTCTGTGGTGATCCGTTTCGGACTCGCACGGGAGACGGCGTTGGCGGTTGCCGTGTGCACTTATTCAGGATGCGTGCCAACTTGGCTTGGTGACGGTCAACACGGTCAGCGCGGAAGGTAGCTCTCCTCGGGGAGTATTATAGCCCGCTGTTCCGGATTGTCGGCGAGTGAGGTGTCGCGGTACGTGCTCTCGGGCTTGGGCCCCGTTGTCGGTCGGTCGCGCCTTCTGTTGACTGCACGCAGTGAGCGGAGGGACGACGGCAGGCTGGCGGTGGGTGTCCCGTAAACGTGCCTAGGAAGTTGACGTGCAAATGGCTTCATCCGACC	14
Animalia	Ctenophora	Tentaculata	Cydippida	NA	NA	NA	AAGCGAATGGAGCCAGCAAGGCACTCGGTTTGATTCAGCCGGTGGCCGTCGGCCCCCGTCCGCGGAGATCTTCGGACTTCGCGGGCGACGGCGTTGGCGTTTGCCGTGTGCACTTATTCCGGGTGCGTGCCAACTTGGCTTGGGGACGATCGATGCGGTCGGACGAGTAGGCTTCGGCAGCTCGCCGTCCCGGATCGTCGCCGAGTGAGGAGCTGCGGTGCGTGCTTTCGGGCTTGGGCTTCGCGGACGGTCGTTCGCGCCTTCTGTTGACTGCACGCAGTGAGCGGAGGGACGACGGGCGGCTGTCTGCGGACGTCCCGTATACGCGCCTAGGAAGTTGGCGTGCAAATGGCTTTATCCGACC	14
Animalia	Ctenophora	Tentaculata	Cydippida	Haeckeliidae	Haeckelia	NA	AAGCGAATGGAGCCAGCAAGGCACCCAGTTTGATTCAGCCGGTGGTCGTCGGCCCCCGGCCGTGGAGATCTTAAGACTCTACGGTCGACGGCGTCGGTGATTGCTGAGTGCACTTATTCTGGGTGCGTGCCAACTTGGCTTGATGACGGTCGATACGGGCGGATGGGAAGGTAACTTCCTTTGGGAAGCATTATAGCCCTTCGTCCCAGATTGTCGTCGAGTGAGGTGTCGCGGTACGTGCTCTCTCGGGCTTGGGCTTCATGGGTGGTCGGTTGCGCCTTCTGTTGACTGCACGCAGTGAGCGGAGGGACGACGGCAGGCTTCTCGTGGATGTCCCGTATACGTGCCTAGGAAGTTGGCGTGCAAATGGCTTTATCCGACC	13
Animalia	Ctenophora	Tentaculata	Cydippida	Mertensiidae	Mertensia	NA	AAGCGAATGGAGCCAGCAAGGCACTCGGTTTGATTCAGCCGGTGGCCGTCGGCCCCCGTCCGCGGAGATCTTCGGACTTCGCGGGCGACGGCGTTGGCGTTTGCCGTGTGCACTTATTCCGAGTGCGTGCCAACTTGGCTTGGTGACGGTCGAAACGGTCGGATGGGAAGGTAACTTCCTTTGGGAAGCATTATAGCCCTTCGTCCCAGATTGTCGTCGAGTGAGGTGTCGCGGTACGTGCTCTCTCGGGCTTGGGCTTCATGGGTGGTCGGTTGCGCCTTCTGTTGACTGCACGCAGTGAGCGGAGGGACGACGGCAGGCTTCTCGTGGATGTCCCGTATACGTGCCTAGGAAGTTGGCGTGCAAATGGCTTTATCCGACC	13
Animalia	Ctenophora	Tentaculata	Cydippida	Mertensiidae	Mertensia	NA	AAGCGAATGGAGCCAGCAAGGCACTCGGTTTGATTCAGCCGGTGGCCGTCGGCCCCCGTCCGCGGAGATCTTCGGACTTCGCGGGCGACGGCGTTGGCGTTTGCCGTGTGCACTTATTCCGGGTGCGTGCCAACTTGGCTTGGTGACGGCCGACACGGGCGAGGTGGAAGGTAGCTTGCTCCGGCGAGTGTTATAGCCCTTCGTCCCGGATCGTCGCCGAGTGAGGTGTCGCGGTACGTGCTTTCGGGCTTGGGCCCTGTGGGTGGTCGGTCGCGCCTTCTGTTGACTGCACGCAGTGAGCGGAGGGACGACGGCAGGCTTCTCGTGGGTGTCCCGTATACGTGCCTAGGAAGTTGGCGTGCAAATGGCTTCATCCGACC	13
Animalia	Ctenophora	Tentaculata	Cydippida	Pleurobrachiidae	Pleurobrachia	NA	AAACGAATGGAGCCAGCAAGGCATCCTGTTTGATTCAGCCGGTGGCCGGTAGCCCCCGTCCTGCAGTGATCTTCGGACTCATGTGGGAGACGGCGTTGCCGGTTGCCGTGTGCACTTATTCAGGATGCGTGCCAACTTGGCTTGGTGACGGTCAACACGGTCGTATGGGAAGGTAGCTCGCTTCGGTGAGTGTTATAGCCCTTCGTCCCAGGTCGTCGGTGATTGAGGAGCCGCGGTATGTGCTTTCGGGCTTCGGCCCTGTGGGCGGTCGGTCGGGCCTTCTGTTGACTGCACGCAGTGAATGGAGGGACCACGGCAGGCTTCTCGCGGGTGTCCGGTATACATACCTAGGAAGTTGGCGTGCAAATGGCTTCATCCGACC	12
Animalia	Ctenophora	Tentaculata	Cydippida	Haeckeliidae	Haeckelia	NA	AAGCGAATGGAGCCAGCAAGGCACCCAGTTTGATTCAGCCGGTGGTCGTCGGCCCCCGGCCGTGGAGATCTTACGACTCTACGGTCGACGGCGTCGGTGATTGCTGAGTGCACTTATTCTGGGTGCGTGCCAACTTGGCTTGATGACGGTCGATACAGGTGGATGGGAAGGTAACTTCCTTTGGGAAGCATTATAGCCCTTCGTCCCAGATTGTCGTCGAGTGAGGTGTCGCGGTACGTGCTCTCTCGGGCTTGGGCTTCATGGGTGGTCGGTTGCGCCTTCTGTTGCCTGCACGCAGTGAGCGGAGGGTCGACGGCAGGCTTCTCGTGGATGTCCCGTATACGTGCCTAGGAAGTTGGCGTGCAAATGGCTTTATCCGACC	12
Animalia	Ctenophora	Tentaculata	Cydippida	NA	NA	NA	AAGCGAATGGAGCCAGCAAGGCACCCGGTTTGATTCAGCCGGTGGTCGTCGGCCCCCGCGTGTAGCGATCTTCGGACGCTGCTAGCGACGGCGTTGACGGTCACCGTGTGCACTTATTCCGGGTGCGTGCCAACTTGGATTGGGGACGGTCGATACGGTCGGGTGGGAAGGTAACTTCCTTCGGGGAGCGTTACAGCCCCCCGTCCTGGATCGTCCCCGATTGAGGAGCTGCGGTGCGTGCTTTCGGGCTTGGGCCTCGTCTGAGGTTATTCGCGCCTTCTGTTGACTGCACGCAGTGAGCGGAGGGACGACGAGTGGCTTCTATCGGGTGTCCCGTATACGCGCCTAGGAAGTTGGCGTGCAAATGGCTTTATCCGACC	12
Animalia	Ctenophora	Tentaculata	NA	NA	NA	NA	AAGCGAATGGAGCCAGCAAGGCACCCGGTCTCATTCAGCCGGTGGGCAGCGGCCCCCGGCCAGCCAGATCCTTCCGGACTGGTTGGTCGACGGCGTTGCGGCTTGCCGTGTGCACTTATTCCGGGTGCGTGTCAACTTGGCTTGCGGACGGTCAACACGAACGGATGGGAAGGTAGCTTGCTCTGGTGAGTGTTATAGCCCGCTGTTCCGGATTGTCGGCGAGTGAGGTGTCGCGGTACGTGCTCTCGGGCTTGGGCCCCGTTGTCGGTCGGTCGCGCCTTCTGTTGACTGCACGCAGTGAGCGGAGGGACGACGGCAGGCTGGCGGTGGGTGTCCCGTAAACGTGCCTAGGAAGTTGACGTGCAAATGGCTTCATCCGACC	11
Animalia	Ctenophora	Tentaculata	Cydippida	Pleurobrachiidae	NA	NA	AAGCGAATGGAGCCAGCAAGGCACCCGGTCTCATTCAGCCGGTGGGTGCGGGCCCCCGGTCGGCGAGATCCGTTCAGGACTCGTCGGTCGACGGCGTCTGCACTTGCCGTGTGCACTTATTCAGGATGCGTGCCAACTTGGCTTGGTGACGGTCAACACGGTCAGCGCGGAAGGTAGCTCTCCTCGGGGAGTATTATAGCCCGCTGTCCCGGATCGTCGTCGAGTGAGGTGTTGCGGTACGTGCCTCTTGTGGGCTTGGGCCTCGTTGGTGGTCTGTCACGCCTAGTGTTGACTGCACGCAGTGAGCATTGGGTCGATGGCCGGCTTGCCTGATGGGTGTCCCGTACACGTGCCTAGGAAGTTGGCGTGCAAATGGCTTCATCCGACC	11
Animalia	Ctenophora	Tentaculata	Cydippida	Callianiridae	Callianira	NA	AAGCGAATGGAGCCAGCAAGGCACTCGGTTTGATTCAGCCGGTGGACGGCGGCCCCCGTTCGTGGTGATCTTCGGACTCCGCGGGCGACGGCGTCGACGTTTGCCGTGTGCACTTATTCCGGGTGCGTGCCAACTTGGCTTGGTGACGGTCGAAACGGTCGGAAGGGAAGGTAACTCGCTTCGGCGAGCATTATAGCCCTCTGTCCTGGATCGTCGCCGAGTGAGGTGTCGCGGTACGTGCTTTCGGGCTTGGGCCTCGTGGGCGGTCGGTCGCGCCTTCTGTTGACTGCACGCAGTGGACGGAGGGACGACGGCAGGCTTCTCGTGGGTGTCCCGTATACGTGCCTAGGAAGTTGGCGTGCAAATGGCTTCATCCGACC	11
Animalia	Ctenophora	Tentaculata	Cydippida	Lampeidae	Lampea	NA	AAGCGAATGGAGCCAGCAAGGCACCCGGTTTGATTCAGCCGGTGGTCGTGGGCCCCCGTCTGGGACGATCTTCGGACGTTGCGGGCGACGGCGCTTACGGTTGCCGTGTGCACTTATTCCGGGTGCGTGCCAACTTGGATTACTGACGATCGACACGGTCGGATGGGAAGGTAGCTCGCTTCGGTGAGTGTTATAGCCCTTCGTCCCAGGTCGTCGGTGATTGAGGAGCCGCGGTATGTGCTCTCGGGCTTCGGCCCTGTGGGCGGTCGGTCGGGCCTTCTGTTGACTGCACGCAGTGAATGGAGGGACCACGGCAGGCTTCTCGCGGGTGTCCGGTATACATACCTAGGAAGTTGGCGTGCAAATGGCTTCATCCGACC	10
Animalia	Ctenophora	Tentaculata	Cydippida	Haeckeliidae	Haeckelia	NA	AAGCGAATGGAGCCAGCAAGGCACCCTGTTTGATTCAGCCGGTGGTCGTCGGCCCCCAGCTGTGGAGATCTTACGACTCTACGGTTGTCGGCGTCGGTGATTGCTGAGTGCACTTATTCAGGGTGCGTGCCAACTTGGCTTGATAACGGTCGATACGGGCGGATGGGAAGGTAACTTCCTTCGGGAAGCATTATAGCCCTTCGTCCCAGATTGTTGTCGAGTGAGGTGTCGCGGTACGTGCTCTTTTGGGCTTGGGCTTCGTGGGTGGTCGGTCGCGCCTTCTGTTGACTGCACGCAGTGAGCGGAGGGACGACGGCAGGCTTCTCGTGGATGTCCCGTATACGTGCCTAGGAAGTTGGCGTGCAAATGGCTTCATCCGACC	10
Animalia	Ctenophora	Tentaculata	Cydippida	Pleurobrachiidae	NA	NA	AAACGAATGGAGCCAGCAAGGCATCCTGTTTGATTCAGCCGGTGGCCGTTAGCCCCCTTCTGTGGTGATCCGTTTCGGACTCGCACGGGAGACGGCGTTGGCGGTTGCCGTGTGCACTTATTCAGGATGCGTGCCAACTTGGCTTGGTGACGGTCAACACGGTCAGCGCGGAAGGTAGCTCTCCTCGGGGAGTATTATAGCCCGCTGTCCCGGATCGTCGTCGAGTGAGGTGTTGCGGTACGTGCCTCTTGTGGGCTTGGGCCTCGTGGGCGGTCGGTCGCGCCTTCTGTTGACTGCACGCAGTGAGCGGAGGGACGACGGCAGGCTTCCCGTGGGTGTCCCGTACACGTGCCTAGGAAGTTGGCGTGCAAATGGCTTCATCCGACC	9
Animalia	Ctenophora	Tentaculata	Cydippida	Mertensiidae	Mertensia	NA	AAGCGAATGGAGCCAGCAAGGCACTCGGTTTGATTCAGCCGGTGGCCGTCGGCCCCCGTCCGCGGAGATCTTCGGACTTCGCGGGCGACGGCGTTGGCGTTTGCCGTGTGCACTTATTCCGAGTGCGTGCCAACTTGGCTTGGTGACGGTCGACACGGGCGTGGCGGAAGGTAGCTTGCTCCGGCGAGTGTTATAGCCCCGCGTCCCAGGCCGTCGTCGAGTGAGGTGTTGCGATGCGTGCCTTCGGGCTTGAGCCCCGCTGTTGGTCGGTCGCGCCTTCTGTTGACTGCACGCAGTGAGCGGAGGGACGACGGCAGGCTTCTCGTGGGTGTCCCGTATACGTGCCTAGGAAGTTGGCGTGCAAATGGCTTCATCCGACC	9
Animalia	Ctenophora	Tentaculata	Cydippida	NA	NA	NA	AAACGAATGGAGCCAGCAAGGCATCCTGTTTGATTCAGCCGGTGGCCGTTAGCCCCCTTCTGTGGTGATCCGTTTCGGACTCGCACGGGAGACGGCGTTGGCGGTTGCCGTGTGCACTTATTCAGGATGCGTGCCAACTTGGCTTGGTGACGGTCGAAACGGTCAGATGGGAAGGTAGCTTGCTTCGGTGAGTGTTATAGCCCTTTGTCCTGGATCGTCGCCGAGTGAGGCGTCGCGGTACGTGCTTTCGGGCTTGGGCCTCGTGGGCGGTCGGTCGCGCCTTCTGTTGACTGCACGCAGTGAGCGGAGGGACGACGGCAGGCTTCCCGTGGGTGTCCCGTATAACGTGCCTAGGAAGTTGGCGTGCAAATGGCTTCATCCGACC	8
Animalia	Ctenophora	Tentaculata	Cydippida	Haeckeliidae	Haeckelia	NA	AAGCGAATGGAGCCAGCAAGGCACCCAGTTTGATTCAGCCGGTGGTCGTCGGCCCCCGGCCGTGGAGATCTTACGACTCTACGGTCGACGGCGTCGGTGATTGCTGAGTGCACTTATTCTGGGTGCGTGCCAACTTGGCTTGATGACGGTCGATACGGGCGGATGGGAAGGTGGCTTCTTTCGGGAAGTGTTACAGCCCTTCGCCCCGGATCGTCGCCGAGTGAGGTGTCGCGGTACGTGCTCTCTCGGGCTTGGGCTTCATGGGTGGTCGGTTGCGCCTTCTGTTGACTGCACGCAGTGAGCGGAGGGACGACGGCAGGCTTCTCGTGGATGTCCCGTATACGTGCCTAGGAAGTTGGCGTGCAAATGGCTTTATCCGACC	8
Animalia	Ctenophora	Tentaculata	Cydippida	Haeckeliidae	Haeckelia	NA	AAGCGAATGGAGCCAGCAAGGCACCCAGTTTGATTCAGCCGGTGGTCGTCGGCCCCTGCCCGTGGAGATCTTTTGACTCTACGGTCAACGGCGTCGATGATTGCTGAGTGCACTTATTCTGGGTGCGTGCCAACTTGGCTTAGCGACGGTCGAAACGGGTGGATGGGAAGGTAACTCTCTTCGGGGAGCATTATAGCCCTTCATCCTGGATCGTTGCTGAGTGAGGTGTCGCGGTACGTGCTCTCTCGGGCTTGGGTCTCGTGGGTGGTTTGTCGCGCCTTCTGTTGACTGCACGCAGTGAGCGGAGGGACGACGGCAGGCTTCTCGTGGGTGTCCCGTATACGTGCCTAGGAAGTTGGCGTGCAAATGGCTTTATCCGACC	21
Animalia	Ctenophora	Nuda	Beroida	Beroidae	Beroe	NA	AAGCGAATGGAGCCAGCAAGGCACCCGGTTTGATTCAGCCGGTGGTCGTCGGCCCCCAGCTGTGGAGATCTTTTGACTCTTCGGTTGTCGGCGTCGTTGATTGCCGTGTGCACTTATTCCGGGTGCGTGCCAACTTGGCTTGGTGACGATCAATACGGGCGGATGGGAAGGTATCTTCCTGCGGGGAGTGTTACAGCCCTTCGTCCCAGTTCGTTGTCGAGTGAGGTGTCGCGGTACGTGCTCTTTAGGGCTTGGGCCTCGTGGTTGGTCGGTTGCGCCTTCTGTTGACTGCACGCAGTGAGCGGAGGGACGACGGCAGGCTTTCCGTGGGTGTCCCGTATACGTGCCTAGGAAGTTGGCGTGCAAATGGCTTTATCCGACC	8
Animalia	Ctenophora	Tentaculata	Cestida	Cestidae	Cestum	NA	AAGCGAATGGAGCCAGCAAGGCATCCGGTTTGATTCAGCCGGTGGTCGTCGGCCCCCGCCTTCGGAGATCTTCGGACTTCGCGGGTGACGGCGTCAGCGATTGCCGTGTGCACTTATTCCGGATGCGTGCCAACTTGGCTTGGTGATGGTCGACACGGACGGATGGGAAGGTAACTCCTCTCGGGGAGCGTTATAGCCCTTCGCCCCGGATCATCGCCGAGTGAGGTGTCGCGGTACGTGCTTTCGGGCTTGGACCTCGTGGGCGGTCGGTCGCGCCTTCTGTTGACTGCACGCAGTGAGCGGAGGGACGACGGCAGGCTTCCCGTGGGTGTTCCGTATACGTGCCTAGGAAGTTGGCGTGCAAATGGCTTCATCCGACC	8
Animalia	Ctenophora	Tentaculata	Cydippida	Callianiridae	Callianira	NA	AAGCGAATGGAGCCAGCAAGGCACTCGGTTTGATTCAGCCGGTGGACGTTTGCCCCCGTTCGTGGAGACCTTCGGGCTCTGCGGGCGACGGCGCAGGCGTTTTACCGTGTGCACTTATTCCGGGTGCGTGCCAACTTGGCTTGGTGACGGTCGAAACGGTCAGATGGGAAGGTAGCTTGCTTCGGTGAGTGTTATAGCCCTTTGTCCTGGATCGTCGCCGAGTGAGGAGTCGCGGTACGTGCTTTCGGGCTTGGGCCTCTTGGGCGGTCGGTCGCGCCTTCTGTTGACTGCACGCAGTGAGCGGAGGGACGACGGCAGGCTTCCCGAGGGTGTCCCGTATACGTGCCTAGGAAGTTGGCGTGCAAATGGCTTCATCCGACC	7
Animalia	Ctenophora	Tentaculata	Cydippida	Pleurobrachiidae	NA	NA	AAGCGAATGGAGCCAGCAAGGCACTCGGTTTGATTCAGCCGGTGGCCGTCGGCCCCCGTCCGCGGAGATCTTCGGACTTCGCGGGCGACGGCGTTGGCGTTTGCCGTGTGCACTTATTCAGGATGCGTGCCAACTTGGCTTGGTGACGGTCAACACGGTCAGCGCGGAAGGTAGCTCTCCTCGGGGAGTATTATAGCCCGCTGTCCCGGATCGTCGTCGAGTGAGGTGTTGCGGTACGTGCCTCTTGTGGGCTTGGGCCTCGTTGGTGGTCTGTCACGCCTAGTGTTGACTGCACGCAGTGAGCATTGGGTCGATGGCCGGCTTGCCTGATGGGTGTCCCGTACACGTGCCTAGGAAGTTGGCGTGCAAATGGCTTCATCCGACC	7
Animalia	Ctenophora	NA	NA	NA	NA	NA	AAGCGAATGGAGCCAGCAAGGCACCCGGTTTGATTCAGCCGGTGGTCGTAGGCCCCCGGCCGTGGAGATCTTTTGACTCTTCGGTTGACGGCGTTTGCGATTGCCGTGTGCACTTATTCCGGGTGCGTGCCAACTTGGCTTGGTGACGATTGACACGGACGGATGGGAAGGTAACTCCCTTCGGGGAGCGTTATAGCCCTTCGTCCTAGATTGTTGTCGAGTGAGGTGTCGCGGTACGTGCTCTCTTTGGGCTTGGGCCTCGTGGGTGGTCGGTCGCGCCTTCTGTTGACTGCACGCAGTGAGCGGAGGGACGACGGCAGGCTTCTCGTGTGTGTCCCGTATACGTGCCTAGGAAGTTGGCGTGCAAATGGCTTCATCCGACC	6
Animalia	Ctenophora	Tentaculata	NA	NA	NA	NA	AAACGAATGGAGCCAGCAAGGCATCCTGTTTGATTCAGCCGGTGGCCGTTAGCCCCCTTCTGTGGTGATCCGTTTCGGACTCGCACGGGAGACGGCGTTGGCGGTTGCCGTGTGCACTTATTCCGGGTGCGTGTCAACTTGGCTTGCGGACGGTCAACACGAACGGATGGGAAGGTAGCTTGCTCCGGTGAGTGTTATAGCCCGCTGTTCCGGATTGTCGGCGAGTGAGGTGTCGCGGTACGTGCTCTCGGGCTTGGGCCCCGTTGTCGGTCGGTCGCGCCTTCTGTTGACTGCACGCAGTGAGCGGAGGGACGACGGCAGGCTGGCGGTGGGTGTCCCGTAAACGTGCCTAGGAAGTTGACGTGCAAATGGCTTCATCCGACC	5
Animalia	Ctenophora	Tentaculata	Cydippida	Pleurobrachiidae	NA	NA	AAGCGAATGGAGCCAGCAAGGCACCCGGTCTCATTCAGCCGGTGGGCAGCGGCCCCCGGCCAGCCAGATCCTTCCGGACTGGTTGGTCGACGGCGTTGCGGCTTGCCGTGTGCACTTATTCCGGGTGCGTGCCAACTTGGCTTGGTGACGGCCGACACGGGCGAGGTGGAAGGTAGCTCTCCTCGGGGAGTATTATAGCCCGCTGTCCCGGATCGTCGTCGAGTGAGGTGTTGCGGTACGTGCCTCTTGTGGGCTTGGGCCTCGTTGGTGGTCTGTCACGCCTAGTGTTGACTGCACGCAGTGAGCATTGGGTCGATGGCCGGCTTGCCTGATGGGTGTCCCGTACACGTGCCTAGGAAGTTGGCGTGCAAATGGCTTCATCCGACC	5
Animalia	Ctenophora	Tentaculata	Cydippida	Haeckeliidae	Haeckelia	NA	AAGCGAATGGAGCCAGCAAGGCACCCTGTTTGATTCAGCCGGTGGTCGTCGGCCCCCAGCTGTGGAGATCTTACGACTCTACGGTTGACGGCGTCGGTGATTGCTGAGTGCACTTATTCAGGGTGCGTGCCAACTTGGCTTGATGACGGTCGATACGGGCGGATGGGAAGGTAACTTCCTTCGGGAAGCATTATAGCCCTTCGTCCCAGATTGTTGTCGAGTGAGGTGTCGCGGTACGTGCTCTTTTGGGCTTGGGCTTCGTGGGTGGTCGGTCGCGCCTTCTGTTGACTGCACGCAGTGAGCGGAGGGACGACGGCAGGCTTCTCGTGGATGTCCCGTATACGTGCCTAGGAAGTTGGCGTGCAAATGGCTTCATCCGACC	5
Animalia	Ctenophora	Tentaculata	Cydippida	Mertensiidae	Mertensia	NA	AAGCGAATGGAGCCAGCAAGGCACTCGGTTTGATTCAGCCGGTGGCCGTCGGCCCCCGTCCGCGGAGATCTTCGGACTTCGCGGGCGACGGCGTTGGCGTTTGCCGTGTGCACTTATTCCGAGTGCGTGCCAACTTGGCTTGGTGACGGTCGAAACGGTCGGATGGGAAGGTAGCTTCCTTCGGGAAGTGTTATAGCCCTTCGTCCCGGATCGTCGCCGAGTGAGGTGTCGCGGTACGTGCTTTCGGGCTTGGGCCCTGTGGGTGGTCGGTTGCGCCTTCTGTTGACTGCACGCAGTGAGCGGAGGGACGACGGCAGGCTTCTCGTGGGTGTCTCGTATACGTGCCTAGGAAGTTGGCGTGCAAATGGCTTCATCCGACC	5
Animalia	Ctenophora	Tentaculata	Cydippida	Pleurobrachiidae	Hormiphora	NA	AAACGAATGGAGCCAGCAAGGCATCCTGTTTGATTCAGCCGGTGGCCGGTAGCCCCCGTCCTGCAGTGATCTTCGGACTCATGTGGGAGACGGCGTTGCTGGTTGCCGTGTGCACTTATTCAGGATGCGTGCCAACTTGGCTTGGTGACGGTCAACACGGTCGTATGGGAAGGTAGCTCTCCTCGGGGAGTATTATAGCCCTTCGTCCCGGATCGTCGCCGAGTGAGGTGTCGCGGTACGTGCTTTCGGGCTTGGGCCCTGTGGGTGGTCGGTTGCGCCTTCTGTTGACTGCACGCAGTGAGCGGAGGGACGACGGCAGGCTTCTCGTGGGTGTCCCGTATACGTGCCTAGGAAGTTGGCGTGCAAATGGCTTTATCCGACC	4
Animalia	Ctenophora	Tentaculata	NA	NA	NA	NA	AAGCGAATGGAGCCAGCAAGGCACCCGGTCTCATTCAGCCGGTGGGTGCGGGCCCCCGGTCGGCGAGATCCGTTCAGGACTCGTCGGTCGACGGCGTCTGCACTTGCCGTGTGCACTTATTCCGGGTGCGTGTCAACTTGGCTTGCGGACGGTCAACACGAACGGATGGGAAGGTAGCTTGCTCTGGTGAGTGTTATAGCCCGCTGTTCCGGATTGTCGGCGAGTGAGGTGTCGCGGTACGTGCTCTCGGGCTTGGGCCCCGTTGTCGGTCGGTCGCGCCTTCTGTTGACTGCACGCAGTGAGCGGAGGGACGACGGCAGGCTGGCGGTGGGTGTCCCGTAAACGTGCCTAGGAAGTTGACGTGCAAATGGCTTCATCCGACC	4
Animalia	Ctenophora	Tentaculata	NA	NA	NA	NA	AAGCGAATGGAGCCAGCAAGGCATCCGGTTTGATTCAGCCGGTGGTCGTCGGCCCCCGTTTTCGGAGATCTTCGGACTTCGCGAGCGACGGCGTCGACGATTGCCGTGTGCACTTATTCCGGGTGCGTGCCAACTTGGCTTGGTGACGGTCGATACGGACGGACGGGAAGGTAGCTTCTTTCGGGGAGTGTTACAGCCCTTCGCCCCGGATCGTCGCCGAGTGAGGAGTCGCGGTACGTGCTTTCGGGCTTGGGCCCCGTGGGCGGTCGGTCGCGCCTTCTGTTGACTGCACGCAGTGAGCGGAGGGACGACGGCAGGCTTCTCGCGGGTGTCCCGCAAACGTGCCTAGGAAGTTGGCGTGCAAATGGCTTTATCCGACC	4
Animalia	Ctenophora	Tentaculata	Cydippida	Pleurobrachiidae	Hormiphora	NA	AAACGAATGGAGCCAGCAAGGCATCCTGTTTGATTCAGCCGGTGGGCAGCGGCCCCCGGCCGGCGAGATCCATCCGGACTCGGCGGTCGACGGCGTCGCGGCTTGCCGTGTGCACTTATTCCGGGTGCGTGCCAACTTGGCTTGGTGACGGTCAACACGGTCGTATGGGAAGGTAGCTCTCCTCGGGGAGTATTATAGCCCTTCGTCCCGGATCGTCGCCGAGTGAGGTGTTGCGGTACGTGCCTCTTTTGGCTTGGGCCTCGTAGGTGGTCTGTCACGCCTAGTGTTGACTGCACGCAGTGAGCATTGGGTCGATGGCCGGCTGCCGGTGGGTGTCCCGTACACGTGCCTAGGAAGTTGGCGTGCAAATGGCTTCATCCGACC	3
Animalia	Ctenophora	Tentaculata	Cydippida	Pleurobrachiidae	NA	NA	AAGCGAATGGAGCCAGCAAGGCACTCGGTTTGATTCAGCCGGTGGACGTTTGCCCCCGTCTGCGGAGACCTTCGGGCTCTTCGGGCGACGGCGCTGGCGTTTGCCGTGTACACTTATTCCGGGTGCGTGCCAACTTGGCTTGGTGACGGTCGAAACGGTCAGATGGGAAGGTAGCTCTCCTCGGGGAGTATTATAGCCCTTCGTCCCGGATCGTCGCCGAGTGAGGTGTTGCGGTACGTGCCTCTTTTGGCTTGGGCCTCGTAGGTGGTCTGTCACGCCTAGTGTTGACTGCACGCAGTGAGCATTGGGTCGATGGCCGGCTGCCGGTGGGTGTCCCGTACACGTGCCTAGGAAGTTGGCGTGCAAATGGCTTCATCCGACC	3
Animalia	Ctenophora	Tentaculata	Cydippida	Pleurobrachiidae	NA	NA	AAGCGAATGGAGCCAGCAAGGCACTCGGTTTGATTCAGCCGGTGGACGTTTGCCCCCGTCTGCGGAGACCTTCGGGCTCTTCGGGCGACGGCGCTGGCGTTTGCCGTGTACACTTATTCCGGGTGCGTGCCAACTTGGCTTGGTGACGGTCGAAACGGTCAGATGGGAAGGTAGCTCTCCTCGGGGAGTATTATAGCCCTTCGTCCCGGATCGTCGCCGAGTGAGGTGTTGCGGTACGTGCCTCTTTTGGCTTGGGCCTCGTTGGTGGTCTGTCACGCCTAGTGTTGACTGCACGCAGTGAGCATTGGGTCGATGGCCGGCTGCCGGTGGGTGTCCCGTACACGTGCCTAGGAAGTTGGCGTGCAAATGGCTTCATCCGACC	3
Animalia	Ctenophora	Tentaculata	Cydippida	Callianiridae	Callianira	NA	AAGCGAATGGAGCCAGCAAGGCACTCGGTTTGATTCAGCCGGTGGACGTTTGCCCCCGTTCGCGGTGACCCAATCGGGCTCCGCGGGCGACGGCGTAGGCGTTTCCCCGTGTGCACTTATTCCGGGTGCGTGCCAACTTGGCTTGGTGACGGTCGAAACGGTCAGGTGGGAAGGTAGCTCGCCCCTCGGGGTGAGTGTTATAGCCCTTTGTCCTGGATCGTCGCCGAGTGAGGAGTCGCGGTACGTGCTTTCGGGCTTGGGCCTCACGGGCGGTCGGTCGCGCCTTCTGTTGACTGCACGCAGTGAGCGGAGGGACGACGGCAGGCTTCCCGAGGGTGTCCCGTATACGTGCCTAGGAAGTTGGCGTGCAAATGGCTTCATCCGACC	3
Animalia	Ctenophora	Tentaculata	Lobata	Ocyropsidae	Ocyropsis	NA	AAGCGAATGGAGCCAGCAAGGCATCCGGTTTGATTCAGCCGGTGGTCATTGGCCCTCGTTTGTAGGGATCTTCGGACTCTGCTTGCGATGGCGTCAGCGATTGCCGTGTGCACTTATTCCGGATGCGTGCCAACTTGACTTGGTGACGGTCGATACGGACGGATGGGAAGGTAGCTCTTCTCGGAGAGTGTTATAGCCCTTCGCCCTGGATCGTCGCCGAGTGAGGTGTCGCGGTACGTGCTTTCGGGCTTGGACCCTGTGGGCGGTCGGTCGCGCCTTCTGTTGACTGCACGCAGTGAGCGGAGGGACGACGGCTGGCTTTCCGTGGGTGTTCCGTATACGTGCCTAGGAAGTTGGCGTGCAAATGGCTTCATCCGACC	3
Animalia	Ctenophora	Tentaculata	Cydippida	Pleurobrachiidae	Hormiphora	NA	AAACGAATGGAGCCAGCAAGGCATCCTGTTTGATTCAGCCGGTGGCCGTTAGCCCCCTTCCGTGGTGATCCGTTTCGGACTCGCACGGGAGACGGCGTTGGCGGTTGCCGTGTGCACTTATTCAGGATGCGTGCCAACTTGGCTTGGTGACGGTCAACACGGTCAGCGCGGAAGGTAGCTCTCCTCGGGGAGTATTATAGCCCGTTGTCCTGGATCGTCGCCGAGTGAGGTGTTGCGGTACGTGCCTCTTTTGGCTTGGGCCTCGTTGGTGGTCTGTCACGCCTAGTGTTGACTGCACGCAGTGAGCATTGGGTCGATGGCCGGCTGCCGGTGGGTGTCCCGTACACGTGCCTAGGAAGTTGGCGTGCAAATGGCTTCATCCGACC	2
Animalia	Ctenophora	Tentaculata	Cydippida	Pleurobrachiidae	NA	NA	AAACGAATGGAGCCAGCAAGGCATCCTGTTTGATTCAGCCGGTGGCCGTTAGCCCCCTTCTGTGGTGATCCGTTTCGGACTCGCACGGGAGACGGCGTTGGCGGTTGCCGTGTGCACTTATTCAGGATGCGTGCCAACTTGGCTTGGTGACGGTCAACACGGTCAGCGCGGAAGGTAGCTCTCCTCGGGGAGTATTATAGCCCGCTGTCCCGGATCGTCGTCGAGTGAGGTGTTGCGGTACGTGCCTCTTGTGGGCTTGGGCCTCGTTGGTGGTCTGTCACGCCTAGTGTTGACTGCACGCAGTGAGCGGAGGGACGACGGATGGCGAGCAGAGGGTGTCTCGTACACGCATCTAGGAAGTTGGCGTGCAAATGGCTTTATCCGACC	2
Animalia	Ctenophora	Tentaculata	Cydippida	Pleurobrachiidae	Hormiphora	NA	AAACGAATGGAGCCAGCAAGGCATCCTGTTTGATTCAGCCGGTGGGCAGCGGCCCCCGGCCGGCGAGATCCATCCGGACTCGGCGGTCGACGGCGTCGCGGCTTGCCGTGTGCACTTATTCCGGGTGCGTGCCAACTTGGCTTGGTGACGGTCAACACGGTCGTATGGGAAGGTAGCTCTCCTCGGGGAGTATTATAGCCCTTCGTCCCGGATCGTCGCCGAGTGAGGTGTTGCGGTACGTGCCTCTTTTGGCTTGGGCCTCGTTGGTGGTCTGTCACGCCTAGTGTTGACTGCACGCAGTGAGCATTGGGTCGATGGCCGGCTGCCGGTGGGTGTCCCGTACACGTGCCTAGGAAGTTGGCGTGCAAATGGCTTCATCCGACC	2
Animalia	Ctenophora	Tentaculata	Cydippida	Pleurobrachiidae	NA	NA	AAGCGAATGGAGCCAGCAAGGCACCCGGTCTCATTCAGCCGGTGGGCAGCGGCCCCCGGCCAGCCAGATCCTTCCGGACCGGTCGGCTGACGGCGTCGCGGCTTGCCGTGTGCACTTATTCAGGATGCGTGCCAACTTGGCTTGGTGACGGTCAACACGGTCAGCGCGGAAGGTAGCTCTCCTCGGGGAGTATTATAGCCCGCTGTCCCGGATCGTCGTCGAGTGAGGTGTTGCGGTACGTGCCTCTTGTGGGCTTGGGCCTCGTTGGTGGTCTGTCACGCCTAGTGTTGACTGCACGCAGTGAGCATTGGGTCGATGGCCGGCTTGCCTGATGGGTGTCCCGTACACGTGCCTAGGAAGTTGGCGTGCAAATGGCTTCATCCGACC	2
Animalia	Ctenophora	Tentaculata	NA	NA	NA	NA	AAGCGAATGGAGCCAGCAAGGCACCCGGTCTCATTCAGCCGGTGGGTGCGGGCCCCCGGTCGGCGAGATCCGTTCAGGACTCGTCGGTCGACGGCGTCTGCACTTGCCGTGTGCACTTATTCCGGGTGCGTGTCAACTTGGCTTGCGGACGGTCAACACGAACGGATGGGAAGGTAGCTTTCTCGGGTGAGTGTTATAGCCCGCTGTTCCGGATTGTCGGCGAGTGAGGTGTCGCGGTACGTGCTCTCGGGCTTGGGCCCCGTTGTCGGTCGGTCGCGCCTTCTGTTGACTGCACGCAGTGAGCGGAGGGACGACGGCAGGCTGGCGGTGGGTGTCCCGTAAACGTGCCTAGGAAGTTGACGTGCAAATGGCTTCATCCGACC	2
Animalia	Ctenophora	Tentaculata	NA	NA	NA	NA	AAGCGAATGGAGCCAGCAAGGCACCCGGTTTGATTCAGCCGGTGGTCGTCGGCCCCCGTGTGTGGCGATCTTCGGACGCTGCTAGCGACGGCGTTGACGGTCACCGTGTGCACTTATTCCGGGTGCGTGCCAACTTAGATTGGGGACGGTCGATACGGTCGGGTGGGAAGGTAACTCCTTCCGAGGAGCGTTACAGCCCCCCGTCCTGGATCGTCGCCGATCGAGGAGCTGCGGTGCGTGCTTTCGGGCTTGGGCCTCGTCGGAGGTTATTCGCGCCTTCTGTTGACTGCACGCAGTGAGCGGAGGGACGACGAGTGGCTTCTTTCGGGTGTCCCGTATACGCGCCTAGGAAGTTGGCGTGCAAATGGCTTTATCCGACC	2
Animalia	Ctenophora	Tentaculata	Cydippida	Pleurobrachiidae	Hormiphora	NA	AAGCGAATGGAGCCAGCAAGGCACTCGGTTTGATTCAGCCGGTGGACGTTTGCCCCCGTTCGTGGAGACCTTCGGGCTCTGCGGGCGACGGCGCAGGCGTTTTACCGTGTGCACTTATTCAGGATGCGTGCCAACTTGGCTTGGTGACGGTCAACACGGTCGTATGGGAAGGTAGCTCTCCTCGGGGAGTATTATAGCCCTTCGTCCCGGATCGTCGCCGAGTGAGGTGTTGCGGTACGTGCCTCTTTTGGCTTGGGCCTCGTTGGTGGTCTGTCACGCCTAGTGTTGACTGCACGCAGTGAGCATTGGGTCGATGGCCGGCTGCCGGTGGGTGTCCCGTACACGTGCCTAGGAAGTTGGCGTGCAAATGGCTTCATCCGACC	2
Animalia	Ctenophora	Tentaculata	Cydippida	Pleurobrachiidae	Hormiphora	NA	AAGCGAATGGAGCCAGCAAGGCACTCGGTTTGATTCAGCCGGTGGTCGTCGGCCCCCGTTCTCGTCGATCTTCGGACTTCGGGAGCGACGGCGTTGATGGTTGCCGTGTGCACTTATTCCGGGTGCGTGCCAACTTGGCTTGAGGACGGTCAACACGGTCGTATGGGAAGGTAGCTCTCCTCGGGGAGTATTATAGCCCTTCGTCCCGGATCGTCGCCGAGTGAGGTGTTGCGGTACGTGCCTCTTTTGGCTTGGGCCTCGTTGGTGGTCTGTCACGCCTAGTGTTGACTGCACGCAGTGAGCATTGGGTCGATGGCCGGCTGCCGGTGGGTGTCCCGTACACGTGCCTAGGAAGTTGGCGTGCAAATGGCTTCATCCGACC	2
Animalia	Ctenophora	Tentaculata	NA	NA	NA	NA	AAGCGAATGGAGCCAGCAAGGCATCCGGTTTGATTCAGCCGGTGGTCGTAGGCCCCCAACTGTGGTGATCTTTTGACTCTGCGGTTGACGGCGCTTGCGATTGCCGTGTGCACTTATTCCGGGTGCGTGCCAACTTGGATTGGGGACGGTCGATACGGTCGGGTGGGAAGGTAACTCCTTCCGAGGAGCGTTACAGCCCCCCGTCCTGGATCGTCGCCGATCGAGGAGCTGCGGTGCGTGCTTTCGGGCTTGGGCCTCGTCGGAGGTTATTCGCGCCTTCTGTTGACTGCACGCAGTGAGCGGAGGGACGACGAGTGGCTTCTTTCGGGTGTCCCGTATACGCGCCTAGGAAGTTGGCGTGCAAATGGCTTTATCCGACC	2
Animalia	Ctenophora	Tentaculata	Thalassocalycida	Thalassocalycidae	Thalassocalyce	NA	AAGCGAATGGAGCCAGCAAGGCATCCGGTTTGATTCAGCCGGTGGTCGTCGGCCCCCGTTCTCGGAGATCTTCGGACTCCGCGTTCGACGGCGTCTACGATTGCCGTGTGCACTTATTCCGGATGCGTGCCAACTTGGCTTGGTGACGGTCGATACGGACGGACGGGAAGGTAGCTTCTCTCGGGAAGTGTTACAGCCCCCCGCCCCGGATCGTCGCCGAGTGAGGAGTCGCGGTACGTGCTTTCGGGCTTGGGCCCCGTGGGCGGTCGGTCGCGCCTTCTGTTGACTGCACGCAGTGAGCGGAGGGACGACGGCAGGCTTCTCGCGGGTGTCCCGCAAACGTGCCTAGGAAGTTGGCGTGCAAATGGCTTTATCCGACC	4
Animalia	Ctenophora	Tentaculata	Cydippida	NA	NA	NA	AAGCGAATGGAGCCAGCAAGGCACCCGGTCTCATTCAGCCGGTGGGCAGCGGCCCCCGGCCAGCCAGATCCTTCCGGACTGGTTGGTCGACGGCGTTGCGGCTTGCCGTGTGCACTTATTCCGGGTGCGTGCCAACTTGGCTTGGTGACGGCCGACACGGGCGAGGTGGAAGGTAGCTTGCTCCGGCGAGTGTTATAGCCCTTCGTCCCGGATCGTCGCCGAGTGAGGTGTCGCGGTACGTGCTTTCGGGCTTGGGCCCTGTGGGTGGTCGGTCGCGCCTTCTGTTGACTGCACGCAGTGAGCATTGGGTCGATGGCCGGCTGCCGGTGGGTGTCCCGTACACGTGCCTAGGAAGTTGGCGTGCAAATGGCTTCATCCGACC	1
Animalia	Ctenophora	Tentaculata	Cydippida	Mertensiidae	Mertensia	NA	AAGCGAATGGAGCCAGCAAGGCACCCGGTTTGATTCAGCCGGTGGTCGTTCGGCCCCCGTGGGACGTGATCTTCGGACTCGTCCTGCGACGGCGTCGGCGGTTACCGTGTGCACTTATTCCGAGTGCGTGCCAACTTGGCTTGGTGACGGTCGAAACGGTCGGATGGGAAGGTAGCTTCCTTCGGGAAGTGTTATAGCCCTTCGTCCCGGATCGTCGCCGAGTGAGGTGTCGCGGTACGTGCTTTCGGGCTTGGGCCCTGTGGGTGGTCGGTCGCGCCTTCTGTTGACTGCACGCAGTGAGCGGAGGGACGACGGATGGCGAGCAGAGGGTGTCTCGTACACGCATCTAGGAAGTTGGCGTGCAAATGGCTTTATCCGACC	1
